[
{"mapid": 1, "mapidname": "01_karelia", "mapname": "Karelia"},
{"mapid": 2, "mapidname": "02_malinovka", "mapname": "Malinovka"},
{"mapid": 3, "mapidname": "04_himmelsdorf", "mapname": "Himmelsdorf"},
{"mapid": 4, "mapidname": "05_prohorovka", "mapname": "Prokhorovka"},
{"mapid": 5, "mapidname": "07_lakeville", "mapname": "Lakeville"},
{"mapid": 6, "mapidname": "06_ensk", "mapname": "Ensk"},
{"mapid": 7, "mapidname": "11_murovanka", "mapname": "Murovanka"},
{"mapid": 8, "mapidname": "13_erlenberg", "mapname": "Erlenberg"},
{"mapid": 9, "mapidname": "10_hills", "mapname": "Mines"},
{"mapid": 10, "mapidname": "15_komarin", "mapname": "Komarin"},
{"mapid": 11, "mapidname": "18_cliff", "mapname": "Cliff"},
{"mapid": 12, "mapidname": "19_monastery", "mapname": "Abbey"},
{"mapid": 13, "mapidname": "28_desert", "mapname": "Sand River"},
{"mapid": 14, "mapidname": "35_steppes", "mapname": "Steppes"},
{"mapid": 15, "mapidname": "37_caucasus", "mapname": "Mountain Pass"},
{"mapid": 16, "mapidname": "33_fjord", "mapname": "Fjords"},
{"mapid": 17, "mapidname": "34_redshire", "mapname": "Redshire"},
{"mapid": 18, "mapidname": "36_fishing_bay", "mapname": "Fisherman's Bay"},
{"mapid": 19, "mapidname": "38_mannerheim_line", "mapname": "Arctic Region"},
{"mapid": 20, "mapidname": "08_ruinberg", "mapname": "Ruinberg"},
{"mapid": 21, "mapidname": "14_siegfried_line", "mapname": "Siegfried Line"},
{"mapid": 22, "mapidname": "22_slough", "mapname": "Swamp"},
{"mapid": 23, "mapidname": "23_westfeld", "mapname": "Westfield"},
{"mapid": 24, "mapidname": "29_el_hallouf", "mapname": "El Halluf"},
{"mapid": 26, "mapidname": "31_airfield", "mapname": "Airfield"},
{"mapid": 27, "mapidname": "03_campania", "mapname": "Province"},
{"mapid": 28, "mapidname": "17_munchen", "mapname": "Widepark"},
{"mapid": 31, "mapidname": "44_north_america", "mapname": "Live Oaks"},
{"mapid": 32, "mapidname": "39_crimea", "mapname": "South Coast"},
{"mapid": 34, "mapidname": "45_north_america", "mapname": "Highway"},
{"mapid": 36, "mapidname": "42_north_america", "mapname": "Port"},
{"mapid": 44, "mapidname": "51_asia", "mapname": "Dragon Ridge"},
{"mapid": 49, "mapidname": "47_canada_a", "mapname": "Serene Coast"},
{"mapid": 1957, "mapidname": "60_asia_miao", "mapname": "Pearl River"},
{"mapid": 1983, "mapidname": "73_asia_korea", "mapname": "Sacred Valley"},
{"mapid": 2021, "mapidname": "00_tank_tutorial", "mapname": "Training area"}
]
