[
{"tankid": 0, "countryid": 3, "type": 2, "tier": 8, "premium": 1, "title": "Type 59", "icon": "ch01_type59", "icon_orig": "Ch01_Type59"},
{"tankid": 1, "countryid": 3, "type": 1, "tier": 7, "premium": 1, "title": "Type 62", "icon": "ch02_type62", "icon_orig": "Ch02_Type62"},
{"tankid": 2, "countryid": 3, "type": 2, "tier": 8, "premium": 1, "title": "Type 59 G", "icon": "ch01_type59_gold", "icon_orig": "Ch01_Type59_Gold"},
{"tankid": 3, "countryid": 3, "type": 3, "tier": 8, "premium": 1, "title": "WZ-111", "icon": "ch03_wz_111", "icon_orig": "Ch03_WZ-111"},
{"tankid": 4, "countryid": 3, "type": 2, "tier": 7, "premium": 0, "title": "T-34-1", "icon": "ch04_t34_1", "icon_orig": "Ch04_T34_1"},
{"tankid": 5, "countryid": 3, "type": 1, "tier": 1, "premium": 0, "title": "Renault NC-31", "title_short": "NC-31", "icon": "ch06_renault_nc31", "icon_orig": "Ch06_Renault_NC31"},
{"tankid": 6, "countryid": 3, "type": 2, "tier": 8, "premium": 0, "title": "T-34-2", "icon": "ch05_t34_2", "icon_orig": "Ch05_T34_2"},
{"tankid": 7, "countryid": 3, "type": 2, "tier": 9, "premium": 0, "title": "WZ-120", "icon": "ch18_wz_120", "icon_orig": "Ch18_WZ-120"},
{"tankid": 8, "countryid": 3, "type": 3, "tier": 9, "premium": 0, "title": "WZ-111 model 1-4", "title_short": "WZ-111 1-4", "icon": "ch12_111_1_2_3", "icon_orig": "Ch12_111_1_2_3"},
{"tankid": 9, "countryid": 3, "type": 1, "tier": 2, "premium": 0, "title": "Vickers Mk. E Type B", "title_short": "VAE Type B", "icon": "ch07_vickers_mke_type_bt26", "icon_orig": "Ch07_Vickers_MkE_Type_BT26"},
{"tankid": 11, "countryid": 3, "type": 3, "tier": 8, "premium": 0, "title": "110", "icon": "ch11_110", "icon_orig": "Ch11_110"},
{"tankid": 12, "countryid": 3, "type": 1, "tier": 4, "premium": 0, "title": "M5A1 Stuart", "icon": "ch09_m5", "icon_orig": "Ch09_M5"},
{"tankid": 13, "countryid": 3, "type": 1, "tier": 7, "premium": 0, "title": "WZ-131", "icon": "ch16_wz_131", "icon_orig": "Ch16_WZ_131"},
{"tankid": 14, "countryid": 3, "type": 3, "tier": 7, "premium": 0, "title": "IS-2", "icon": "ch10_is2", "icon_orig": "Ch10_IS2"},
{"tankid": 15, "countryid": 3, "type": 1, "tier": 8, "premium": 0, "title": "WZ-132", "icon": "ch17_wz131_1_wz132", "icon_orig": "Ch17_WZ131_1_WZ132"},
{"tankid": 16, "countryid": 3, "type": 2, "tier": 10, "premium": 0, "title": "121", "icon": "ch19_121", "icon_orig": "Ch19_121"},
{"tankid": 17, "countryid": 3, "type": 1, "tier": 3, "premium": 0, "title": "Type 2597 Chi-Ha", "title_short": "Chi-Ha", "icon": "ch08_type97_chi_ha", "icon_orig": "Ch08_Type97_Chi_Ha"},
{"tankid": 18, "countryid": 3, "type": 2, "tier": 5, "premium": 0, "title": "Type T-34", "icon": "ch21_t34", "icon_orig": "Ch21_T34"},
{"tankid": 19, "countryid": 3, "type": 1, "tier": 6, "premium": 0, "title": "59-16", "icon": "ch15_59_16", "icon_orig": "Ch15_59_16"},
{"tankid": 20, "countryid": 3, "type": 2, "tier": 6, "premium": 0, "title": "Type 58", "icon": "ch20_type58", "icon_orig": "Ch20_Type58"},
{"tankid": 21, "countryid": 3, "type": 3, "tier": 10, "premium": 0, "title": "113", "icon": "ch22_113", "icon_orig": "Ch22_113"},
{"tankid": 251, "countryid": 3, "type": 2, "tier": 7, "premium": 0, "title": "T-34-1", "icon": "ch04_t34_1_training", "icon_orig": "Ch04_T34_1_training"},
{"tankid": 252, "countryid": 3, "type": 3, "tier": 8, "premium": 1, "title": "112", "icon": "ch23_112", "icon_orig": "Ch23_112"},
{"tankid": 0, "countryid": 1, "type": 2, "tier": 5, "premium": 0, "title": "Pz.Kpfw. IV", "title_short": "Pz. IV", "icon": "pziv", "icon_orig": "PzIV"},
{"tankid": 1, "countryid": 1, "type": 5, "tier": 6, "premium": 0, "title": "Hummel", "title_short": "Hummel", "icon": "hummel", "icon_orig": "Hummel"},
{"tankid": 2, "countryid": 1, "type": 3, "tier": 7, "premium": 0, "title": "Pz.Kpfw. VI Tiger", "title_short": "Tiger", "icon": "pzvi", "icon_orig": "PzVI"},
{"tankid": 3, "countryid": 1, "type": 1, "tier": 2, "premium": 0, "title": "Pz.Kpfw. 35 (t)", "title_short": "Pz. 35 (t)", "icon": "pz35t", "icon_orig": "Pz35t"},
{"tankid": 4, "countryid": 1, "type": 4, "tier": 5, "premium": 0, "title": "StuG III", "title_short": "StuGIII", "icon": "stugiii", "icon_orig": "StuGIII"},
{"tankid": 5, "countryid": 1, "type": 2, "tier": 7, "premium": 0, "title": "Pz.Kpfw. V Panther", "title_short": "Panther", "icon": "pzv", "icon_orig": "PzV"},
{"tankid": 6, "countryid": 1, "type": 4, "tier": 6, "premium": 0, "title": "JagdPz IV", "title_short": "JagdPzIV", "icon": "jagdpziv", "icon_orig": "JagdPzIV"},
{"tankid": 7, "countryid": 1, "type": 4, "tier": 4, "premium": 0, "title": "Hetzer", "title_short": "Hetzer", "icon": "hetzer", "icon_orig": "Hetzer"},
{"tankid": 8, "countryid": 1, "type": 1, "tier": 2, "premium": 0, "title": "Pz.Kpfw. II", "title_short": "Pz. II", "icon": "pzii", "icon_orig": "PzII"},
{"tankid": 9, "countryid": 1, "type": 2, "tier": 6, "premium": 0, "title": "VK 36.01 (H)", "title_short": "VK 36.01 H", "icon": "vk3601h", "icon_orig": "VK3601H"},
{"tankid": 10, "countryid": 1, "type": 2, "tier": 6, "premium": 0, "title": "VK 30.01 (H)", "title_short": "VK 30.01 H", "icon": "vk3001h", "icon_orig": "VK3001H"},
{"tankid": 11, "countryid": 1, "type": 5, "tier": 3, "premium": 0, "title": "Sturmpanzer I Bison", "title_short": "Bison", "icon": "bison_i", "icon_orig": "Bison_I"},
{"tankid": 12, "countryid": 1, "type": 1, "tier": 1, "premium": 0, "title": "Leichttraktor", "title_short": "LTraktor", "icon": "ltraktor", "icon_orig": "Ltraktor"},
{"tankid": 13, "countryid": 1, "type": 1, "tier": 3, "premium": 0, "title": "Pz.Kpfw. 38 (t)", "title_short": "Pz. 38 (t)", "icon": "pz38t", "icon_orig": "Pz38t"},
{"tankid": 14, "countryid": 1, "type": 4, "tier": 2, "premium": 0, "title": "Panzerjaeger I", "title_short": "PzJg I", "icon": "panzerjager_i", "icon_orig": "PanzerJager_I"},
{"tankid": 15, "countryid": 1, "type": 4, "tier": 7, "premium": 0, "title": "Jagdpanther", "title_short": "JgPanther", "icon": "jagdpanther", "icon_orig": "JagdPanther"},
{"tankid": 16, "countryid": 1, "type": 2, "tier": 7, "premium": 0, "title": "VK 30.02 (D)", "title_short": "VK 30.02 D", "icon": "vk3002db", "icon_orig": "VK3002DB"},
{"tankid": 17, "countryid": 1, "type": 2, "tier": 4, "premium": 0, "title": "Pz.Kpfw. III", "title_short": "Pz. III", "icon": "pziii", "icon_orig": "PzIII"},
{"tankid": 18, "countryid": 1, "type": 5, "tier": 4, "premium": 0, "title": "Sturmpanzer II", "title_short": "StPz II", "icon": "sturmpanzer_ii", "icon_orig": "Sturmpanzer_II"},
{"tankid": 19, "countryid": 1, "type": 1, "tier": 3, "premium": 0, "title": "Pz.Kpfw. III Ausf. A", "title_short": "Pz. III A", "icon": "pziii_a", "icon_orig": "PzIII_A"},
{"tankid": 20, "countryid": 1, "type": 3, "tier": 8, "premium": 0, "title": "Pz.Kpfw. Tiger II", "title_short": "Tiger II", "icon": "pzvib_tiger_ii", "icon_orig": "PzVIB_Tiger_II"},
{"tankid": 21, "countryid": 1, "type": 1, "tier": 5, "premium": 0, "title": "VK 16.02 Leopard", "title_short": "Leopard", "icon": "vk1602", "icon_orig": "VK1602"},
{"tankid": 22, "countryid": 1, "type": 5, "tier": 5, "premium": 0, "title": "Grille", "title_short": "Grille", "icon": "grille", "icon_orig": "Grille"},
{"tankid": 23, "countryid": 1, "type": 5, "tier": 3, "premium": 0, "title": "Wespe", "title_short": "Wespe", "icon": "wespe", "icon_orig": "Wespe"},
{"tankid": 24, "countryid": 1, "type": 1, "tier": 4, "premium": 0, "title": "Pz.Kpfw. II Luchs", "title_short": "Luchs", "icon": "pzii_luchs", "icon_orig": "PzII_Luchs"},
{"tankid": 25, "countryid": 1, "type": 2, "tier": 5, "premium": 0, "title": "Pz.Kpfw. III/IV", "title_short": "Pz. III/IV", "icon": "pziii_iv", "icon_orig": "PzIII_IV"},
{"tankid": 26, "countryid": 1, "type": 4, "tier": 3, "premium": 0, "title": "Marder II", "title_short": "Marder II", "icon": "g20_marder_ii", "icon_orig": "G20_Marder_II"},
{"tankid": 27, "countryid": 1, "type": 3, "tier": 10, "premium": 0, "title": "Maus", "title_short": "Maus", "icon": "maus", "icon_orig": "Maus"},
{"tankid": 28, "countryid": 1, "type": 2, "tier": 6, "premium": 0, "title": "VK 30.01 (P)", "title_short": "VK 30.01 P", "icon": "vk3001p", "icon_orig": "VK3001P"},
{"tankid": 29, "countryid": 1, "type": 3, "tier": 9, "premium": 0, "title": "VK 45.02 (P) Ausf. B", "title_short": "VK 45.02 P", "icon": "vk4502p", "icon_orig": "VK4502P"},
{"tankid": 30, "countryid": 1, "type": 4, "tier": 8, "premium": 0, "title": "Ferdinand", "icon": "ferdinand", "icon_orig": "Ferdinand"},
{"tankid": 31, "countryid": 1, "type": 4, "tier": 9, "premium": 0, "title": "Jagdtiger", "icon": "jagdtiger", "icon_orig": "JagdTiger"},
{"tankid": 32, "countryid": 1, "type": 1, "tier": 4, "premium": 0, "title": "Pz.Kpfw. 38 (t) n.A.", "title_short": "Pz. 38 nA", "icon": "pz38_na", "icon_orig": "Pz38_NA"},
{"tankid": 33, "countryid": 1, "type": 2, "tier": 8, "premium": 0, "title": "Panther II", "title_short": "Panther II", "icon": "panther_ii", "icon_orig": "Panther_II"},
{"tankid": 34, "countryid": 1, "type": 5, "tier": 9, "premium": 0, "title": "G.W. Tiger", "title_short": "G.W. Tiger", "icon": "g_tiger", "icon_orig": "G_Tiger"},
{"tankid": 35, "countryid": 1, "type": 5, "tier": 7, "premium": 0, "title": "G.W. Panther", "title_short": "G.W. Panther", "icon": "g_panther", "icon_orig": "G_Panther"},
{"tankid": 36, "countryid": 1, "type": 5, "tier": 10, "premium": 0, "title": "G.W. E 100", "title_short": "G.W. E 100", "icon": "g_e", "icon_orig": "G_E"},
{"tankid": 37, "countryid": 1, "type": 3, "tier": 10, "premium": 0, "title": "E-100", "title_short": "E-100", "icon": "e_100", "icon_orig": "E-100"},
{"tankid": 38, "countryid": 1, "type": 3, "tier": 9, "premium": 0, "title": "E-75", "title_short": "E-75", "icon": "e_75", "icon_orig": "E-75"},
{"tankid": 39, "countryid": 1, "type": 1, "tier": 6, "premium": 0, "title": "VK 28.01", "title_short": "VK 28.01", "icon": "vk2801", "icon_orig": "VK2801"},
{"tankid": 40, "countryid": 1, "type": 2, "tier": 9, "premium": 0, "title": "E-50", "title_short": "E-50", "icon": "e_50", "icon_orig": "E-50"},
{"tankid": 41, "countryid": 1, "type": 3, "tier": 8, "premium": 0, "title": "VK 45.02 (P) Ausf. A", "title_short": "VK 45.02 A", "icon": "vk4502a", "icon_orig": "VK4502A"},
{"tankid": 42, "countryid": 1, "type": 3, "tier": 7, "premium": 0, "title": "Pz.Kpfw. VI Tiger (P)", "title_short": "Tiger P", "icon": "pzvi_tiger_p", "icon_orig": "PzVI_Tiger_P"},
{"tankid": 45, "countryid": 1, "type": 4, "tier": 8, "premium": 0, "title": "Jagdpanther II", "title_short": "JgPanthII", "icon": "jagdpantherii", "icon_orig": "JagdPantherII"},
{"tankid": 47, "countryid": 1, "type": 4, "tier": 10, "premium": 0, "title": "JagdPz E-100", "title_short": "JgPzE100", "icon": "jagdpz_e100", "icon_orig": "JagdPz_E100"},
{"tankid": 48, "countryid": 1, "type": 2, "tier": 10, "premium": 0, "title": "E-50 Ausf. M", "title_short": "E-50M", "icon": "e50_ausf_m", "icon_orig": "E50_Ausf_M"},
{"tankid": 49, "countryid": 1, "type": 1, "tier": 3, "premium": 0, "title": "Pz.Kpfw. I Ausf. C", "title_short": "Pz. I C", "icon": "pzi_ausf_c", "icon_orig": "PzI_ausf_C"},
{"tankid": 50, "countryid": 1, "type": 1, "tier": 2, "premium": 0, "title": "Pz.Kpfw. I", "title_short": "Pz. I", "icon": "pzi", "icon_orig": "PzI"},
{"tankid": 51, "countryid": 1, "type": 1, "tier": 3, "premium": 0, "title": "Pz.Kpfw. II Ausf. G", "title_short": "Pz. II G", "icon": "pz_ii_ausfg", "icon_orig": "Pz_II_AusfG"},
{"tankid": 53, "countryid": 1, "type": 2, "tier": 4, "premium": 0, "title": "VK 20.01 (D)", "title_short": "VK 20.01 D", "icon": "vk2001db", "icon_orig": "VK2001DB"},
{"tankid": 54, "countryid": 1, "type": 2, "tier": 8, "premium": 0, "title": "Indien-Panzer", "title_short": "Indien-Pz.", "icon": "indien_panzer", "icon_orig": "Indien_Panzer"},
{"tankid": 55, "countryid": 1, "type": 2, "tier": 6, "premium": 0, "title": "VK 30.01 (D)", "title_short": "VK 30.01 D", "icon": "vk3002db_v1", "icon_orig": "VK3002DB_V1"},
{"tankid": 56, "countryid": 1, "type": 1, "tier": 7, "premium": 0, "title": "Aufklaerungspanzer Panther", "title_short": "Aufkl.Panther", "icon": "auf_panther", "icon_orig": "Auf_Panther"},
{"tankid": 57, "countryid": 1, "type": 2, "tier": 10, "premium": 0, "title": "Leopard 1", "title_short": "Leopard 1", "icon": "leopard1", "icon_orig": "Leopard1"},
{"tankid": 58, "countryid": 1, "type": 2, "tier": 9, "premium": 0, "title": "Leopard prototyp A", "title_short": "Leopard PT A", "icon": "pro_ag_a", "icon_orig": "Pro_Ag_A"},
{"tankid": 59, "countryid": 1, "type": 5, "tier": 2, "premium": 0, "title": "G.Pz. Mk. VI (e)", "title_short": "G.Pz. Mk. VI", "icon": "gw_mk_vie", "icon_orig": "GW_Mk_VIe"},
{"tankid": 60, "countryid": 1, "type": 5, "tier": 8, "premium": 0, "title": "G.W. Tiger (P)", "title_short": "G.W. Tiger P", "icon": "gw_tiger_p", "icon_orig": "GW_Tiger_P"},
{"tankid": 61, "countryid": 1, "type": 5, "tier": 4, "premium": 0, "title": "Pz.Sfl. IVb", "title_short": "Pz.Sfl. IVb", "icon": "pz_sfl_ivb", "icon_orig": "Pz_Sfl_IVb"},
{"tankid": 201, "countryid": 1, "type": 2, "tier": 6, "premium": 1, "title": "Pz.Kpfw. V/IV", "title_short": "Pz. V/IV", "icon": "pzv_pziv", "icon_orig": "PzV_PzIV"},
{"tankid": 202, "countryid": 1, "type": 1, "tier": 3, "premium": 1, "title": "Pz.Kpfw. II Ausf. J", "title_short": "Pz. II J", "icon": "pzii_j", "icon_orig": "PzII_J"},
{"tankid": 203, "countryid": 1, "type": 2, "tier": 3, "premium": 1, "title": "Pz.Kpfw. S35 739 (f)", "title_short": "Pz. S35", "icon": "s35_captured", "icon_orig": "S35_captured"},
{"tankid": 204, "countryid": 1, "type": 3, "tier": 4, "premium": 1, "title": "Pz.Kpfw. B2 740 (f)", "title_short": "Pz. B2", "icon": "b_1bis_captured", "icon_orig": "B-1bis_captured"},
{"tankid": 205, "countryid": 1, "type": 1, "tier": 2, "premium": 1, "title": "Pz.Kpfw. 38H 735 (f)", "title_short": "Pz. 38H", "icon": "h39_captured", "icon_orig": "H39_captured"},
{"tankid": 211, "countryid": 1, "type": 2, "tier": 6, "premium": 1, "title": "Pz.Kpfw. V/IV Alpha", "title_short": "Pz. V/IV A", "icon": "pzv_pziv_ausf_alfa", "icon_orig": "PzV_PzIV_ausf_Alfa"},
{"tankid": 212, "countryid": 1, "type": 3, "tier": 8, "premium": 1, "title": "Loewe", "icon": "lowe", "icon_orig": "Lowe"},
{"tankid": 213, "countryid": 1, "type": 2, "tier": 5, "premium": 1, "title": "T-25", "title_short": "T-25", "icon": "t_25", "icon_orig": "T-25"},
{"tankid": 214, "countryid": 1, "type": 1, "tier": 3, "premium": 1, "title": "T-15", "title_short": "T-15", "icon": "t_15", "icon_orig": "T-15"},
{"tankid": 215, "countryid": 1, "type": 2, "tier": 5, "premium": 1, "title": "Pz.Kpfw. IV Hydraulic", "title_short": "Pz. IV Hyd.", "icon": "pziv_hydro", "icon_orig": "PzIV_Hydro"},
{"tankid": 216, "countryid": 1, "type": 4, "tier": 8, "premium": 1, "title": "8,8 cm PaK 43 Jagdtiger", "title_short": "JgTig.8,8 cm", "icon": "jagdtiger_sdkfz_185", "icon_orig": "JagdTiger_SdKfz_185"},
{"tankid": 217, "countryid": 1, "type": 4, "tier": 7, "premium": 1, "title": "E-25", "icon": "e_25", "icon_orig": "E-25"},
{"tankid": 223, "countryid": 1, "type": 4, "tier": 6, "premium": 1, "title": "Dicker Max", "title_short": "D. Max", "icon": "dickermax", "icon_orig": "DickerMax"},
{"tankid": 224, "countryid": 1, "type": 2, "tier": 6, "premium": 1, "title": "Pz.Kpfw. IV Schmalturm", "title_short": "Pz. IV S.", "icon": "pziv_schmalturm", "icon_orig": "PzIV_schmalturm"},
{"tankid": 225, "countryid": 1, "type": 2, "tier": 7, "premium": 1, "title": "Panther/M10", "title_short": "Pz. V/M10", "icon": "panther_m10", "icon_orig": "Panther_M10"},
{"tankid": 226, "countryid": 1, "type": 2, "tier": 4, "premium": 0, "title": "Pz.Kpfw. III", "title_short": "Pz. III", "icon": "pziii_training", "icon_orig": "PzIII_training"},
{"tankid": 227, "countryid": 1, "type": 3, "tier": 8, "premium": 0, "title": "Pz.Kpfw. Tiger II", "title_short": "Tiger II", "icon": "pzvib_tiger_ii_training", "icon_orig": "PzVIB_Tiger_II_training"},
{"tankid": 228, "countryid": 1, "type": 2, "tier": 7, "premium": 0, "title": "Pz.Kpfw. V Panther", "title_short": "Panther", "icon": "pzv_training", "icon_orig": "PzV_training"},
{"tankid": 229, "countryid": 1, "type": 3, "tier": 10, "premium": 1, "title": "VK 72.01 (K)", "title_short": "VK 72.01 K", "icon": "vk7201", "icon_orig": "VK7201"},
{"tankid": 1, "countryid": 4, "type": 2, "tier": 3, "premium": 0, "title": "D2", "title_short": "D2", "icon": "d2", "icon_orig": "D2"},
{"tankid": 2, "countryid": 4, "type": 1, "tier": 1, "premium": 0, "title": "Renault FT", "title_short": "FT", "icon": "renaultft", "icon_orig": "RenaultFT"},
{"tankid": 3, "countryid": 4, "type": 5, "tier": 2, "premium": 0, "title": "Renault FT 75 BS", "title_short": "FT BS", "icon": "renaultbs", "icon_orig": "RenaultBS"},
{"tankid": 4, "countryid": 4, "type": 3, "tier": 4, "premium": 0, "title": "B1", "title_short": "B1", "icon": "b1", "icon_orig": "B1"},
{"tankid": 5, "countryid": 4, "type": 1, "tier": 2, "premium": 0, "title": "Hotchkiss H35", "title_short": "H35", "icon": "hotchkiss_h35", "icon_orig": "Hotchkiss_H35"},
{"tankid": 6, "countryid": 4, "type": 1, "tier": 2, "premium": 0, "title": "D1", "title_short": "D1", "icon": "d1", "icon_orig": "D1"},
{"tankid": 8, "countryid": 4, "type": 5, "tier": 5, "premium": 1, "title": "105 leFH18B2", "title_short": "leFH18B2", "icon": "_105_lefh18b2", "icon_orig": "_105_leFH18B2"},
{"tankid": 9, "countryid": 4, "type": 4, "tier": 3, "premium": 1, "title": "FCM 36 Pak 40", "title_short": "FCM36 Pak40", "icon": "fcm_36pak40", "icon_orig": "FCM_36Pak40"},
{"tankid": 10, "countryid": 4, "type": 3, "tier": 6, "premium": 0, "title": "ARL 44", "title_short": "ARL 44", "icon": "arl_44", "icon_orig": "ARL_44"},
{"tankid": 11, "countryid": 4, "type": 1, "tier": 4, "premium": 0, "title": "AMX 40", "title_short": "AMX 40", "icon": "amx40", "icon_orig": "AMX40"},
{"tankid": 12, "countryid": 4, "type": 3, "tier": 8, "premium": 0, "title": "AMX 50 100", "title_short": "AMX 50 100", "icon": "amx_50_100", "icon_orig": "AMX_50_100"},
{"tankid": 13, "countryid": 4, "type": 5, "tier": 3, "premium": 0, "title": "Lorraine 39L AM", "title_short": "Lorr. 39L AM", "icon": "lorraine39_l_am", "icon_orig": "Lorraine39_L_AM"},
{"tankid": 14, "countryid": 4, "type": 2, "tier": 10, "premium": 0, "title": "Bat.-Chatillon 25 t", "title_short": "B-C 25 t", "icon": "bat_chatillon25t", "icon_orig": "Bat_Chatillon25t"},
{"tankid": 15, "countryid": 4, "type": 3, "tier": 9, "premium": 0, "title": "AMX 50 120", "title_short": "AMX 50 120", "icon": "amx_50_120", "icon_orig": "AMX_50_120"},
{"tankid": 16, "countryid": 4, "type": 5, "tier": 5, "premium": 0, "title": "AMX 13 105 AM mle. 50", "title_short": "AMX 13 105 AM", "icon": "amx_105am", "icon_orig": "AMX_105AM"},
{"tankid": 18, "countryid": 4, "type": 5, "tier": 6, "premium": 0, "title": "AMX 13 F3 AM", "title_short": "AMX 13 F3", "icon": "amx_13f3am", "icon_orig": "AMX_13F3AM"},
{"tankid": 19, "countryid": 4, "type": 1, "tier": 8, "premium": 0, "title": "AMX 13 90", "title_short": "AMX 13 90", "icon": "amx_13_90", "icon_orig": "AMX_13_90"},
{"tankid": 20, "countryid": 4, "type": 1, "tier": 7, "premium": 0, "title": "AMX 13 75", "title_short": "AMX 13 75", "icon": "amx_13_75", "icon_orig": "AMX_13_75"},
{"tankid": 22, "countryid": 4, "type": 2, "tier": 9, "premium": 0, "title": "Lorraine 40 t", "title_short": "Lorr. 40 t", "icon": "lorraine40t", "icon_orig": "Lorraine40t"},
{"tankid": 23, "countryid": 4, "type": 1, "tier": 3, "premium": 0, "title": "AMX 38", "title_short": "AMX 38", "icon": "amx38", "icon_orig": "AMX38"},
{"tankid": 24, "countryid": 4, "type": 3, "tier": 10, "premium": 0, "title": "AMX 50 B", "title_short": "AMX 50 B", "icon": "f10_amx_50b", "icon_orig": "F10_AMX_50B"},
{"tankid": 25, "countryid": 4, "type": 1, "tier": 6, "premium": 0, "title": "AMX 12 t", "title_short": "AMX 12 t", "icon": "amx_12t", "icon_orig": "AMX_12t"},
{"tankid": 26, "countryid": 4, "type": 3, "tier": 5, "premium": 0, "title": "BDR G1 B", "title_short": "BDR G1 B", "icon": "bdr_g1b", "icon_orig": "BDR_G1B"},
{"tankid": 27, "countryid": 4, "type": 3, "tier": 7, "premium": 0, "title": "AMX M4 mle. 45", "title_short": "AMX M4 45", "icon": "amx_m4_1945", "icon_orig": "AMX_M4_1945"},
{"tankid": 28, "countryid": 4, "type": 5, "tier": 7, "premium": 0, "title": "Lorraine 155 mle. 50", "title_short": "Lorr. 155 50", "icon": "lorraine155_50", "icon_orig": "Lorraine155_50"},
{"tankid": 29, "countryid": 4, "type": 5, "tier": 8, "premium": 0, "title": "Lorraine 155 mle. 51", "title_short": "Lorr. 155 51", "icon": "lorraine155_51", "icon_orig": "Lorraine155_51"},
{"tankid": 30, "countryid": 4, "type": 4, "tier": 2, "premium": 0, "title": "Renault FT AC", "title_short": "FT AC", "icon": "renaultft_ac", "icon_orig": "RenaultFT_AC"},
{"tankid": 32, "countryid": 4, "type": 4, "tier": 3, "premium": 0, "title": "Renault UE 57", "title_short": "UE 57", "icon": "renaultue57", "icon_orig": "RenaultUE57"},
{"tankid": 38, "countryid": 4, "type": 4, "tier": 4, "premium": 0, "title": "Somua SAu 40", "title_short": "SAu 40", "icon": "somua_sau_40", "icon_orig": "Somua_Sau_40"},
{"tankid": 39, "countryid": 4, "type": 4, "tier": 5, "premium": 0, "title": "S35 CA", "title_short": "S35 CA", "icon": "s_35ca", "icon_orig": "S_35CA"},
{"tankid": 42, "countryid": 4, "type": 4, "tier": 7, "premium": 0, "title": "AMX AC mle. 46", "title_short": "AMX AC 46", "icon": "amx_ac_mle1946", "icon_orig": "AMX_AC_Mle1946"},
{"tankid": 43, "countryid": 4, "type": 4, "tier": 9, "premium": 0, "title": "AMX 50 Foch", "title_short": "Foch", "icon": "amx50_foch", "icon_orig": "AMX50_Foch"},
{"tankid": 45, "countryid": 4, "type": 4, "tier": 6, "premium": 0, "title": "ARL V39", "title_short": "ARL V39", "icon": "arl_v39", "icon_orig": "ARL_V39"},
{"tankid": 46, "countryid": 4, "type": 5, "tier": 10, "premium": 0, "title": "Bat.-Chatillon 155 58", "title_short": "B-C 155 58", "icon": "bat_chatillon155_58", "icon_orig": "Bat_Chatillon155_58"},
{"tankid": 47, "countryid": 4, "type": 4, "tier": 8, "premium": 0, "title": "AMX AC mle. 48", "title_short": "AMX AC 48", "icon": "amx_ac_mle1948", "icon_orig": "AMX_AC_Mle1948"},
{"tankid": 54, "countryid": 4, "type": 4, "tier": 10, "premium": 0, "title": "AMX 50 Foch (155)", "title_short": "Foch 155", "icon": "amx_50fosh_155", "icon_orig": "AMX_50Fosh_155"},
{"tankid": 55, "countryid": 4, "type": 1, "tier": 5, "premium": 0, "title": "ELC AMX", "title_short": "ELC AMX", "icon": "elc_amx", "icon_orig": "ELC_AMX"},
{"tankid": 56, "countryid": 4, "type": 5, "tier": 9, "premium": 0, "title": "Bat.-Chatillon 155 55", "title_short": "B-C 155 55", "icon": "bat_chatillon155_55", "icon_orig": "Bat_Chatillon155_55"},
{"tankid": 57, "countryid": 4, "type": 5, "tier": 4, "premium": 0, "title": "AMX 105 AM mle. 47", "title_short": "AMX 105 AM", "icon": "amx_ob_am105", "icon_orig": "AMX_Ob_Am105"},
{"tankid": 250, "countryid": 4, "type": 3, "tier": 8, "premium": 1, "title": "FCM 50 t", "icon": "fcm_50t", "icon_orig": "FCM_50t"},
{"tankid": 255, "countryid": 0, "type": 1, "tier": 1, "premium": 0, "title": "Spectator", "icon": "observer", "icon_orig": "Observer"},
{"tankid": 0, "countryid": 0, "type": 2, "tier": 5, "premium": 0, "title": "T-34", "icon": "t_34", "icon_orig": "T-34"},
{"tankid": 1, "countryid": 0, "type": 4, "tier": 5, "premium": 0, "title": "SU-85", "icon": "su_85", "icon_orig": "SU-85"},
{"tankid": 2, "countryid": 0, "type": 3, "tier": 7, "premium": 0, "title": "IS", "icon": "is", "icon_orig": "IS"},
{"tankid": 3, "countryid": 0, "type": 1, "tier": 3, "premium": 0, "title": "BT-7", "icon": "bt_7", "icon_orig": "BT-7"},
{"tankid": 4, "countryid": 0, "type": 1, "tier": 2, "premium": 0, "title": "BT-2", "icon": "bt_2", "icon_orig": "BT-2"},
{"tankid": 5, "countryid": 0, "type": 3, "tier": 5, "premium": 0, "title": "KV", "icon": "kv", "icon_orig": "KV"},
{"tankid": 6, "countryid": 0, "type": 2, "tier": 4, "premium": 0, "title": "T-28", "icon": "t_28", "icon_orig": "T-28"},
{"tankid": 7, "countryid": 0, "type": 5, "tier": 7, "premium": 0, "title": "S-51", "icon": "s_51", "icon_orig": "S-51"},
{"tankid": 8, "countryid": 0, "type": 1, "tier": 4, "premium": 0, "title": "A-20", "icon": "a_20", "icon_orig": "A-20"},
{"tankid": 9, "countryid": 0, "type": 4, "tier": 7, "premium": 0, "title": "SU-152", "icon": "su_152", "icon_orig": "SU-152"},
{"tankid": 10, "countryid": 0, "type": 2, "tier": 6, "premium": 0, "title": "T-34-85", "icon": "t_34_85", "icon_orig": "T-34-85"},
{"tankid": 11, "countryid": 0, "type": 3, "tier": 6, "premium": 0, "title": "KV-1S", "icon": "kv_1s", "icon_orig": "KV-1s"},
{"tankid": 12, "countryid": 0, "type": 1, "tier": 3, "premium": 0, "title": "T-46", "icon": "t_46", "icon_orig": "T-46"},
{"tankid": 13, "countryid": 0, "type": 1, "tier": 1, "premium": 0, "title": "MS-1", "icon": "ms_1", "icon_orig": "MS-1"},
{"tankid": 14, "countryid": 0, "type": 4, "tier": 6, "premium": 0, "title": "SU-100", "icon": "su_100", "icon_orig": "SU-100"},
{"tankid": 15, "countryid": 0, "type": 5, "tier": 2, "premium": 0, "title": "SU-18", "icon": "su_18", "icon_orig": "SU-18"},
{"tankid": 16, "countryid": 0, "type": 5, "tier": 8, "premium": 0, "title": "SU-14-2", "icon": "su_14", "icon_orig": "SU-14"},
{"tankid": 17, "countryid": 0, "type": 2, "tier": 8, "premium": 0, "title": "T-44", "icon": "t_44", "icon_orig": "T-44"},
{"tankid": 18, "countryid": 0, "type": 1, "tier": 2, "premium": 0, "title": "T-26", "icon": "t_26", "icon_orig": "T-26"},
{"tankid": 19, "countryid": 0, "type": 5, "tier": 4, "premium": 0, "title": "SU-5", "icon": "su_5", "icon_orig": "SU-5"},
{"tankid": 20, "countryid": 0, "type": 4, "tier": 2, "premium": 0, "title": "AT-1", "icon": "at_1", "icon_orig": "AT-1"},
{"tankid": 21, "countryid": 0, "type": 3, "tier": 8, "premium": 0, "title": "IS-3", "icon": "is_3", "icon_orig": "IS-3"},
{"tankid": 22, "countryid": 0, "type": 5, "tier": 6, "premium": 0, "title": "SU-8", "icon": "su_8", "icon_orig": "SU-8"},
{"tankid": 23, "countryid": 0, "type": 3, "tier": 7, "premium": 0, "title": "KV-3", "icon": "kv_3", "icon_orig": "KV-3"},
{"tankid": 24, "countryid": 0, "type": 3, "tier": 10, "premium": 0, "title": "IS-4", "icon": "is_4", "icon_orig": "IS-4"},
{"tankid": 25, "countryid": 0, "type": 4, "tier": 3, "premium": 0, "title": "SU-76", "icon": "su_76", "icon_orig": "SU-76"},
{"tankid": 26, "countryid": 0, "type": 2, "tier": 7, "premium": 0, "title": "T-43", "icon": "t_43", "icon_orig": "T-43"},
{"tankid": 27, "countryid": 0, "type": 4, "tier": 4, "premium": 0, "title": "SU-85B", "icon": "gaz_74b", "icon_orig": "GAZ-74b"},
{"tankid": 28, "countryid": 0, "type": 3, "tier": 10, "premium": 0, "title": "IS-7", "icon": "is_7", "icon_orig": "IS-7"},
{"tankid": 29, "countryid": 0, "type": 4, "tier": 8, "premium": 0, "title": "ISU-152", "icon": "isu_152", "icon_orig": "ISU-152"},
{"tankid": 30, "countryid": 0, "type": 5, "tier": 3, "premium": 0, "title": "SU-26", "icon": "su_26", "icon_orig": "SU-26"},
{"tankid": 31, "countryid": 0, "type": 2, "tier": 9, "premium": 0, "title": "T-54", "icon": "t_54", "icon_orig": "T-54"},
{"tankid": 32, "countryid": 0, "type": 4, "tier": 9, "premium": 0, "title": "Object 704", "title_short": "Obj. 704", "icon": "object_704", "icon_orig": "Object_704"},
{"tankid": 33, "countryid": 0, "type": 5, "tier": 9, "premium": 0, "title": "212A", "title_short": "212A", "icon": "object_212", "icon_orig": "Object_212"},
{"tankid": 34, "countryid": 0, "type": 5, "tier": 10, "premium": 0, "title": "Object 261", "title_short": "Obj. 261", "icon": "object_261", "icon_orig": "Object_261"},
{"tankid": 35, "countryid": 0, "type": 2, "tier": 7, "premium": 0, "title": "KV-13", "icon": "kv_13", "icon_orig": "KV-13"},
{"tankid": 36, "countryid": 0, "type": 3, "tier": 8, "premium": 1, "title": "IS-6", "icon": "object252", "icon_orig": "Object252"},
{"tankid": 37, "countryid": 0, "type": 1, "tier": 4, "premium": 0, "title": "T-50", "title_short": "T-50", "icon": "t_50", "icon_orig": "T-50"},
{"tankid": 38, "countryid": 0, "type": 1, "tier": 5, "premium": 0, "title": "T-50-2", "title_short": "T-50-2", "icon": "t_50_2", "icon_orig": "T_50_2"},
{"tankid": 39, "countryid": 0, "type": 4, "tier": 8, "premium": 0, "title": "SU-101", "title_short": "SU-101", "icon": "su_101", "icon_orig": "SU-101"},
{"tankid": 40, "countryid": 0, "type": 4, "tier": 7, "premium": 0, "title": "SU-100M1", "icon": "su100m1", "icon_orig": "SU100M1"},
{"tankid": 41, "countryid": 0, "type": 3, "tier": 6, "premium": 0, "title": "KV-2", "icon": "kv2", "icon_orig": "KV2"},
{"tankid": 42, "countryid": 0, "type": 3, "tier": 9, "premium": 0, "title": "ST-I", "icon": "st_i", "icon_orig": "ST_I"},
{"tankid": 43, "countryid": 0, "type": 3, "tier": 8, "premium": 0, "title": "KV-4", "icon": "kv4", "icon_orig": "KV4"},
{"tankid": 44, "countryid": 0, "type": 3, "tier": 6, "premium": 0, "title": "T-150", "icon": "t150", "icon_orig": "T150"},
{"tankid": 45, "countryid": 0, "type": 3, "tier": 9, "premium": 0, "title": "IS-8", "icon": "is8", "icon_orig": "IS8"},
{"tankid": 46, "countryid": 0, "type": 3, "tier": 5, "premium": 0, "title": "KV-1", "icon": "kv1", "icon_orig": "KV1"},
{"tankid": 47, "countryid": 0, "type": 4, "tier": 9, "premium": 0, "title": "SU-122-54", "title_short": "SU-122-54", "icon": "su122_54", "icon_orig": "SU122_54"},
{"tankid": 53, "countryid": 0, "type": 4, "tier": 10, "premium": 0, "title": "Object 268", "title_short": "Obj. 268", "icon": "object268", "icon_orig": "Object268"},
{"tankid": 54, "countryid": 0, "type": 2, "tier": 10, "premium": 0, "title": "T-62A", "icon": "t62a", "icon_orig": "T62A"},
{"tankid": 56, "countryid": 0, "type": 4, "tier": 10, "premium": 0, "title": "Object 263", "title_short": "Obj. 263", "icon": "object263", "icon_orig": "Object263"},
{"tankid": 59, "countryid": 0, "type": 1, "tier": 3, "premium": 0, "title": "T-70", "icon": "t_70", "icon_orig": "T-70"},
{"tankid": 60, "countryid": 0, "type": 1, "tier": 2, "premium": 0, "title": "T-60", "icon": "t_60", "icon_orig": "T-60"},
{"tankid": 61, "countryid": 0, "type": 2, "tier": 10, "premium": 1, "title": "Object 907", "title_short": "Obj. 907", "icon": "object_907", "icon_orig": "Object_907"},
{"tankid": 62, "countryid": 0, "type": 1, "tier": 4, "premium": 0, "title": "T-80", "icon": "t80", "icon_orig": "T80"},
{"tankid": 63, "countryid": 0, "type": 5, "tier": 7, "premium": 0, "title": "SU-14-1", "icon": "su14_1", "icon_orig": "SU14_1"},
{"tankid": 64, "countryid": 0, "type": 5, "tier": 5, "premium": 0, "title": "SU-122A", "icon": "su122a", "icon_orig": "SU122A"},
{"tankid": 200, "countryid": 0, "type": 3, "tier": 5, "premium": 1, "title": "KV-220 Beta-Test", "title_short": "KV-220 T", "icon": "kv_220", "icon_orig": "KV-220"},
{"tankid": 201, "countryid": 0, "type": 2, "tier": 5, "premium": 1, "title": "Matilda IV", "icon": "matilda_ii_ll", "icon_orig": "Matilda_II_LL"},
{"tankid": 202, "countryid": 0, "type": 3, "tier": 5, "premium": 1, "title": "Churchill III", "icon": "churchill_ll", "icon_orig": "Churchill_LL"},
{"tankid": 204, "countryid": 0, "type": 1, "tier": 3, "premium": 1, "title": "BT-SV", "icon": "bt_sv", "icon_orig": "BT-SV"},
{"tankid": 205, "countryid": 0, "type": 1, "tier": 4, "premium": 1, "title": "Valentine II", "icon": "valentine_ll", "icon_orig": "Valentine_LL"},
{"tankid": 206, "countryid": 0, "type": 1, "tier": 3, "premium": 1, "title": "M3 Light", "icon": "m3_stuart_ll", "icon_orig": "M3_Stuart_LL"},
{"tankid": 207, "countryid": 0, "type": 2, "tier": 4, "premium": 1, "title": "A-32", "icon": "a_32", "icon_orig": "A-32"},
{"tankid": 208, "countryid": 0, "type": 3, "tier": 8, "premium": 1, "title": "KV-5", "icon": "kv_5", "icon_orig": "KV-5"},
{"tankid": 209, "countryid": 0, "type": 1, "tier": 3, "premium": 1, "title": "T-127", "icon": "t_127", "icon_orig": "T-127"},
{"tankid": 210, "countryid": 0, "type": 4, "tier": 5, "premium": 1, "title": "SU-85I", "icon": "su_85i", "icon_orig": "SU_85I"},
{"tankid": 211, "countryid": 0, "type": 3, "tier": 5, "premium": 1, "title": "KV-220", "icon": "kv_220_action", "icon_orig": "KV-220_action"},
{"tankid": 213, "countryid": 0, "type": 1, "tier": 2, "premium": 1, "title": "Tetrarch", "title_short": "Tetrarch", "icon": "tetrarch_ll", "icon_orig": "Tetrarch_LL"},
{"tankid": 214, "countryid": 0, "type": 4, "tier": 6, "premium": 1, "title": "SU-100Y", "icon": "su100y", "icon_orig": "SU100Y"},
{"tankid": 216, "countryid": 0, "type": 4, "tier": 7, "premium": 1, "title": "SU-122-44", "icon": "su122_44", "icon_orig": "SU122_44"},
{"tankid": 220, "countryid": 0, "type": 2, "tier": 6, "premium": 0, "title": "T-34-85", "icon": "t_34_85_training", "icon_orig": "T-34-85_training"},
{"tankid": 0, "countryid": 2, "type": 3, "tier": 5, "premium": 1, "title": "T14", "icon": "t14", "icon_orig": "T14"},
{"tankid": 1, "countryid": 2, "type": 1, "tier": 3, "premium": 0, "title": "M3 Stuart", "icon": "m3_stuart", "icon_orig": "M3_Stuart"},
{"tankid": 2, "countryid": 2, "type": 1, "tier": 1, "premium": 0, "title": "T1 Cunningham", "title_short": "T1", "icon": "t1_cunningham", "icon_orig": "T1_Cunningham"},
{"tankid": 3, "countryid": 2, "type": 3, "tier": 6, "premium": 0, "title": "M6", "icon": "m6", "icon_orig": "M6"},
{"tankid": 4, "countryid": 2, "type": 2, "tier": 5, "premium": 0, "title": "M4 Sherman", "title_short": "M4", "icon": "m4_sherman", "icon_orig": "M4_Sherman"},
{"tankid": 5, "countryid": 2, "type": 2, "tier": 6, "premium": 0, "title": "M4A3E8 Sherman", "title_short": "M4A3E8", "icon": "m4a3e8_sherman", "icon_orig": "M4A3E8_Sherman"},
{"tankid": 6, "countryid": 2, "type": 2, "tier": 7, "premium": 0, "title": "T20", "icon": "t20", "icon_orig": "T20"},
{"tankid": 7, "countryid": 2, "type": 1, "tier": 2, "premium": 0, "title": "M2 Light Tank", "title_short": "M2 Light", "icon": "m2_lt", "icon_orig": "M2_lt"},
{"tankid": 8, "countryid": 2, "type": 5, "tier": 2, "premium": 0, "title": "T57", "icon": "t57", "icon_orig": "T57"},
{"tankid": 9, "countryid": 2, "type": 2, "tier": 8, "premium": 0, "title": "T23", "icon": "t23", "icon_orig": "T23"},
{"tankid": 10, "countryid": 2, "type": 4, "tier": 9, "premium": 0, "title": "T30", "icon": "t30", "icon_orig": "T30"},
{"tankid": 11, "countryid": 2, "type": 3, "tier": 8, "premium": 1, "title": "T34", "icon": "t34_hvy", "icon_orig": "T34_hvy"},
{"tankid": 12, "countryid": 2, "type": 2, "tier": 4, "premium": 0, "title": "M3 Lee", "icon": "m3_grant", "icon_orig": "M3_Grant"},
{"tankid": 13, "countryid": 2, "type": 3, "tier": 5, "premium": 0, "title": "T1 Heavy Tank", "title_short": "T1 Heavy", "icon": "t1_hvy", "icon_orig": "T1_hvy"},
{"tankid": 14, "countryid": 2, "type": 5, "tier": 3, "premium": 0, "title": "M7 Priest", "icon": "m7_priest", "icon_orig": "M7_Priest"},
{"tankid": 15, "countryid": 2, "type": 3, "tier": 7, "premium": 0, "title": "T29", "icon": "t29", "icon_orig": "T29"},
{"tankid": 16, "countryid": 2, "type": 5, "tier": 5, "premium": 0, "title": "M41", "icon": "m41", "icon_orig": "M41"},
{"tankid": 17, "countryid": 2, "type": 3, "tier": 8, "premium": 0, "title": "T32", "icon": "t32", "icon_orig": "T32"},
{"tankid": 18, "countryid": 2, "type": 5, "tier": 4, "premium": 0, "title": "M37", "icon": "m37", "icon_orig": "M37"},
{"tankid": 19, "countryid": 2, "type": 2, "tier": 3, "premium": 0, "title": "M2 Medium Tank", "title_short": "M2 Medium", "icon": "m2_med", "icon_orig": "M2_med"},
{"tankid": 20, "countryid": 2, "type": 1, "tier": 4, "premium": 0, "title": "M5 Stuart", "title_short": "M5 Stuart", "icon": "m5_stuart", "icon_orig": "M5_Stuart"},
{"tankid": 21, "countryid": 2, "type": 2, "tier": 5, "premium": 0, "title": "M7", "title_short": "M7", "icon": "m7_med", "icon_orig": "M7_med"},
{"tankid": 22, "countryid": 2, "type": 2, "tier": 2, "premium": 0, "title": "T2 Medium Tank", "title_short": "T2 Medium", "icon": "t2_med", "icon_orig": "T2_med"},
{"tankid": 23, "countryid": 2, "type": 2, "tier": 8, "premium": 0, "title": "M26 Pershing", "title_short": "Pershing", "icon": "pershing", "icon_orig": "Pershing"},
{"tankid": 24, "countryid": 2, "type": 4, "tier": 2, "premium": 0, "title": "T18", "icon": "t18", "icon_orig": "T18"},
{"tankid": 25, "countryid": 2, "type": 4, "tier": 3, "premium": 0, "title": "T82", "icon": "t82", "icon_orig": "T82"},
{"tankid": 27, "countryid": 2, "type": 4, "tier": 5, "premium": 0, "title": "M10 Wolverine", "title_short": "Wolverine", "icon": "m10_wolverine", "icon_orig": "M10_Wolverine"},
{"tankid": 28, "countryid": 2, "type": 4, "tier": 6, "premium": 0, "title": "M36 Jackson", "title_short": "Jackson", "icon": "m36_slagger", "icon_orig": "M36_Slagger"},
{"tankid": 29, "countryid": 2, "type": 5, "tier": 8, "premium": 0, "title": "M40/M43", "icon": "m40m43", "icon_orig": "M40M43"},
{"tankid": 30, "countryid": 2, "type": 4, "tier": 4, "premium": 0, "title": "T40", "icon": "t40", "icon_orig": "T40"},
{"tankid": 31, "countryid": 2, "type": 5, "tier": 7, "premium": 0, "title": "M12", "icon": "m12", "icon_orig": "M12"},
{"tankid": 32, "countryid": 2, "type": 4, "tier": 8, "premium": 0, "title": "T28", "title_short": "T28", "icon": "t28", "icon_orig": "T28"},
{"tankid": 33, "countryid": 2, "type": 5, "tier": 10, "premium": 0, "title": "T92", "icon": "t92", "icon_orig": "T92"},
{"tankid": 34, "countryid": 2, "type": 4, "tier": 9, "premium": 0, "title": "T95", "icon": "t95", "icon_orig": "T95"},
{"tankid": 35, "countryid": 2, "type": 2, "tier": 9, "premium": 0, "title": "M46 Patton", "title_short": "M46 Patton", "icon": "m46_patton", "icon_orig": "M46_Patton"},
{"tankid": 36, "countryid": 2, "type": 4, "tier": 7, "premium": 0, "title": "T25 AT", "title_short": "T25 AT", "icon": "t25_at", "icon_orig": "T25_AT"},
{"tankid": 37, "countryid": 2, "type": 3, "tier": 9, "premium": 0, "title": "M103", "icon": "m103", "icon_orig": "M103"},
{"tankid": 38, "countryid": 2, "type": 1, "tier": 5, "premium": 0, "title": "M24 Chaffee", "title_short": "Chaffee", "icon": "m24_chaffee", "icon_orig": "M24_Chaffee"},
{"tankid": 39, "countryid": 2, "type": 2, "tier": 6, "premium": 0, "title": "M4A3E2 Sherman Jumbo", "title_short": "M4A3E2", "icon": "sherman_jumbo", "icon_orig": "Sherman_Jumbo"},
{"tankid": 40, "countryid": 2, "type": 4, "tier": 4, "premium": 0, "title": "M8A1", "icon": "m8a1", "icon_orig": "M8A1"},
{"tankid": 41, "countryid": 2, "type": 4, "tier": 5, "premium": 0, "title": "T49", "icon": "t49", "icon_orig": "T49"},
{"tankid": 42, "countryid": 2, "type": 3, "tier": 10, "premium": 0, "title": "T110E5", "icon": "t110", "icon_orig": "T110"},
{"tankid": 43, "countryid": 2, "type": 4, "tier": 7, "premium": 0, "title": "T25/2", "title_short": "T25/2", "icon": "t25_2", "icon_orig": "T25_2"},
{"tankid": 44, "countryid": 2, "type": 4, "tier": 8, "premium": 0, "title": "T28 Prototype", "title_short": "T28 Prot.", "icon": "t28_prototype", "icon_orig": "T28_Prototype"},
{"tankid": 45, "countryid": 2, "type": 4, "tier": 6, "premium": 0, "title": "M18 Hellcat", "title_short": "Hellcat", "icon": "m18_hellcat", "icon_orig": "M18_Hellcat"},
{"tankid": 51, "countryid": 2, "type": 4, "tier": 10, "premium": 0, "title": "T110E4", "icon": "t110e4", "icon_orig": "T110E4"},
{"tankid": 52, "countryid": 2, "type": 2, "tier": 8, "premium": 1, "title": "T26E4 Super Pershing", "title_short": "T26E4", "icon": "t26_e4_superpershing", "icon_orig": "T26_E4_SuperPershing"},
{"tankid": 54, "countryid": 2, "type": 4, "tier": 10, "premium": 0, "title": "T110E3", "icon": "t110e3", "icon_orig": "T110E3"},
{"tankid": 55, "countryid": 2, "type": 2, "tier": 10, "premium": 0, "title": "M48A1 Patton", "title_short": "M48 Patton", "icon": "m48a1", "icon_orig": "M48A1"},
{"tankid": 57, "countryid": 2, "type": 2, "tier": 8, "premium": 0, "title": "T69", "title_short": "T69", "icon": "t69", "icon_orig": "T69"},
{"tankid": 58, "countryid": 2, "type": 3, "tier": 10, "premium": 0, "title": "T57 Heavy Tank", "title_short": "T57 Heavy", "icon": "t57_58", "icon_orig": "T57_58"},
{"tankid": 59, "countryid": 2, "type": 1, "tier": 6, "premium": 0, "title": "T21", "icon": "t21", "icon_orig": "T21"},
{"tankid": 60, "countryid": 2, "type": 2, "tier": 9, "premium": 0, "title": "T54E1", "icon": "t54e1", "icon_orig": "T54E1"},
{"tankid": 61, "countryid": 2, "type": 1, "tier": 7, "premium": 0, "title": "T71", "icon": "t71", "icon_orig": "T71"},
{"tankid": 62, "countryid": 2, "type": 2, "tier": 10, "premium": 1, "title": "M60", "icon": "m60", "icon_orig": "M60"},
{"tankid": 63, "countryid": 2, "type": 5, "tier": 9, "premium": 0, "title": "M53/M55", "icon": "m53_55", "icon_orig": "M53_55"},
{"tankid": 64, "countryid": 2, "type": 5, "tier": 6, "premium": 0, "title": "M44", "icon": "m44", "icon_orig": "M44"},
{"tankid": 201, "countryid": 2, "type": 1, "tier": 2, "premium": 1, "title": "T2 Light Tank", "title_short": "T2 Light", "icon": "t2_lt", "icon_orig": "T2_lt"},
{"tankid": 202, "countryid": 2, "type": 2, "tier": 5, "premium": 1, "title": "Ram II", "icon": "ram_ii", "icon_orig": "Ram-II"},
{"tankid": 203, "countryid": 2, "type": 1, "tier": 3, "premium": 1, "title": "MTLS-1G14", "icon": "mtls_1g14", "icon_orig": "MTLS-1G14"},
{"tankid": 204, "countryid": 2, "type": 2, "tier": 5, "premium": 1, "title": "M4A2E4 Sherman", "title_short": "M4A2E4", "icon": "m4a2e4", "icon_orig": "M4A2E4"},
{"tankid": 205, "countryid": 2, "type": 3, "tier": 8, "premium": 1, "title": "M6A2E1", "icon": "m6a2e1", "icon_orig": "M6A2E1"},
{"tankid": 206, "countryid": 2, "type": 1, "tier": 3, "premium": 1, "title": "M22 Locust", "title_short": "Locust", "icon": "m22_locust", "icon_orig": "M22_Locust"},
{"tankid": 209, "countryid": 2, "type": 1, "tier": 2, "premium": 1, "title": "T1E6", "title_short": "T1E6", "icon": "t1_e6", "icon_orig": "T1_E6"},
{"tankid": 211, "countryid": 2, "type": 5, "tier": 3, "premium": 1, "title": "Sexton_I", "icon": "sexton_i", "icon_orig": "Sexton_I"},
{"tankid": 212, "countryid": 2, "type": 2, "tier": 6, "premium": 0, "title": "M4A3E8 Sherman", "title_short": "M4A3E8", "icon": "m4a3e8_sherman_training", "icon_orig": "M4A3E8_Sherman_training"},
{"tankid": 0, "countryid": 5, "type": 1, "tier": 1, "premium": 0, "title": "Vickers Medium Mk. I", "title_short": "Medium I", "icon": "gb01_medium_mark_i", "icon_orig": "GB01_Medium_Mark_I"},
{"tankid": 1, "countryid": 5, "type": 2, "tier": 2, "premium": 0, "title": "Vickers Medium Mk. II", "title_short": "Medium II", "icon": "gb05_vickers_medium_mk_ii", "icon_orig": "GB05_Vickers_Medium_Mk_II"},
{"tankid": 3, "countryid": 5, "type": 2, "tier": 4, "premium": 0, "title": "Matilda", "title_short": "Matilda", "icon": "gb07_matilda", "icon_orig": "GB07_Matilda"},
{"tankid": 4, "countryid": 5, "type": 2, "tier": 6, "premium": 0, "title": "Cromwell", "title_short": "Cromwell", "icon": "gb21_cromwell", "icon_orig": "GB21_Cromwell"},
{"tankid": 8, "countryid": 5, "type": 1, "tier": 5, "premium": 0, "title": "Crusader", "title_short": "Crusader", "icon": "gb20_crusader", "icon_orig": "GB20_Crusader"},
{"tankid": 9, "countryid": 5, "type": 2, "tier": 3, "premium": 0, "title": "Vickers Medium Mk. III", "title_short": "Medium III", "icon": "gb06_vickers_medium_mk_iii", "icon_orig": "GB06_Vickers_Medium_Mk_III"},
{"tankid": 11, "countryid": 5, "type": 3, "tier": 5, "premium": 0, "title": "Churchill I", "title_short": "Churchill I", "icon": "gb08_churchill_i", "icon_orig": "GB08_Churchill_I"},
{"tankid": 12, "countryid": 5, "type": 3, "tier": 7, "premium": 0, "title": "Black Prince", "title_short": "Black Prince", "icon": "gb10_black_prince", "icon_orig": "GB10_Black_Prince"},
{"tankid": 15, "countryid": 5, "type": 3, "tier": 8, "premium": 0, "title": "Caernarvon", "title_short": "Caernarvon", "icon": "gb11_caernarvon", "icon_orig": "GB11_Caernarvon"},
{"tankid": 17, "countryid": 5, "type": 3, "tier": 9, "premium": 0, "title": "Conqueror", "icon": "gb12_conqueror", "icon_orig": "GB12_Conqueror"},
{"tankid": 18, "countryid": 5, "type": 3, "tier": 6, "premium": 0, "title": "Churchill VII", "icon": "gb09_churchill_vii", "icon_orig": "GB09_Churchill_VII"},
{"tankid": 19, "countryid": 5, "type": 1, "tier": 4, "premium": 0, "title": "Valentine", "title_short": "Valentine", "icon": "gb04_valentine", "icon_orig": "GB04_Valentine"},
{"tankid": 20, "countryid": 5, "type": 1, "tier": 2, "premium": 0, "title": "Cruiser Mk. I", "title_short": "Cruiser I", "icon": "gb03_cruiser_mk_i", "icon_orig": "GB03_Cruiser_Mk_I"},
{"tankid": 21, "countryid": 5, "type": 2, "tier": 7, "premium": 0, "title": "Comet", "title_short": "Comet", "icon": "gb22_comet", "icon_orig": "GB22_Comet"},
{"tankid": 22, "countryid": 5, "type": 2, "tier": 9, "premium": 0, "title": "Centurion Mk. 7/1", "title_short": "Centurion 7/1", "icon": "gb24_centurion_mk3", "icon_orig": "GB24_Centurion_Mk3"},
{"tankid": 23, "countryid": 5, "type": 2, "tier": 8, "premium": 0, "title": "Centurion Mk. I", "title_short": "Centurion I", "icon": "gb23_centurion", "icon_orig": "GB23_Centurion"},
{"tankid": 24, "countryid": 5, "type": 3, "tier": 10, "premium": 0, "title": "FV215b", "icon": "gb13_fv215b", "icon_orig": "GB13_FV215b"},
{"tankid": 25, "countryid": 5, "type": 1, "tier": 4, "premium": 0, "title": "Covenanter", "title_short": "Covenanter", "icon": "gb60_covenanter", "icon_orig": "GB60_Covenanter"},
{"tankid": 27, "countryid": 5, "type": 1, "tier": 3, "premium": 0, "title": "Cruiser Mk. II", "title_short": "Cruiser II", "icon": "gb69_cruiser_mk_ii", "icon_orig": "GB69_Cruiser_Mk_II"},
{"tankid": 28, "countryid": 5, "type": 2, "tier": 10, "premium": 0, "title": "FV4202", "title_short": "FV4202", "icon": "gb70_fv4202_105", "icon_orig": "GB70_FV4202_105"},
{"tankid": 29, "countryid": 5, "type": 1, "tier": 3, "premium": 0, "title": "Cruiser Mk. IV", "title_short": "Cruiser IV", "icon": "gb59_cruiser_mk_iv", "icon_orig": "GB59_Cruiser_Mk_IV"},
{"tankid": 30, "countryid": 5, "type": 1, "tier": 2, "premium": 0, "title": "Cruiser Mk. III", "title_short": "Cruiser III", "icon": "gb58_cruiser_mk_iii", "icon_orig": "GB58_Cruiser_Mk_III"},
{"tankid": 31, "countryid": 5, "type": 4, "tier": 3, "premium": 0, "title": "Valentine AT", "icon": "gb42_valentine_at", "icon_orig": "GB42_Valentine_AT"},
{"tankid": 32, "countryid": 5, "type": 4, "tier": 2, "premium": 0, "title": "Universal Carrier 2-pdr", "title_short": "UC 2-pdr", "icon": "gb39_universal_carrierqf2", "icon_orig": "GB39_Universal_CarrierQF2"},
{"tankid": 33, "countryid": 5, "type": 4, "tier": 8, "premium": 0, "title": "AT 15", "icon": "gb72_at15", "icon_orig": "GB72_AT15"},
{"tankid": 34, "countryid": 5, "type": 4, "tier": 5, "premium": 0, "title": "AT 2", "icon": "gb73_at2", "icon_orig": "GB73_AT2"},
{"tankid": 35, "countryid": 5, "type": 4, "tier": 4, "premium": 0, "title": "Alecto", "icon": "gb57_alecto", "icon_orig": "GB57_Alecto"},
{"tankid": 36, "countryid": 5, "type": 4, "tier": 10, "premium": 0, "title": "FV215b (183)", "title_short": "FV215b 183", "icon": "gb48_fv215b_183", "icon_orig": "GB48_FV215b_183"},
{"tankid": 37, "countryid": 5, "type": 4, "tier": 6, "premium": 0, "title": "AT 8", "icon": "gb74_at8", "icon_orig": "GB74_AT8"},
{"tankid": 38, "countryid": 5, "type": 4, "tier": 6, "premium": 0, "title": "Churchill Gun Carrier", "title_short": "Churchill GC", "icon": "gb40_gun_carrier_churchill", "icon_orig": "GB40_Gun_Carrier_Churchill"},
{"tankid": 39, "countryid": 5, "type": 4, "tier": 7, "premium": 0, "title": "AT 7", "icon": "gb75_at7", "icon_orig": "GB75_AT7"},
{"tankid": 205, "countryid": 5, "type": 4, "tier": 9, "premium": 0, "title": "Tortoise", "icon": "gb32_tortoise", "icon_orig": "GB32_Tortoise"},
{"tankid": 209, "countryid": 5, "type": 2, "tier": 5, "premium": 1, "title": "Matilda Black Prince", "title_short": "Matilda BP", "icon": "gb68_matilda_black_prince", "icon_orig": "GB68_Matilda_Black_Prince"},
{"tankid": 210, "countryid": 5, "type": 3, "tier": 6, "premium": 1, "title": "TOG II*", "icon": "gb63_tog_ii", "icon_orig": "GB63_TOG_II"},
{"tankid": 211, "countryid": 5, "type": 4, "tier": 7, "premium": 1, "title": "AT 15A", "icon": "gb71_at_15a", "icon_orig": "GB71_AT_15A"},
{"tankid": 212, "countryid": 5, "type": 3, "tier": 5, "premium": 1, "title": "Excelsior", "icon": "gb51_excelsior", "icon_orig": "GB51_Excelsior"},
{"tankid": 213, "countryid": 5, "type": 5, "tier": 3, "premium": 1, "title": "Sexton I", "icon": "gb78_sexton_i", "icon_orig": "GB78_Sexton_I"}
]
